,id,name,regr_mse,regr_dt_mse,regr_boost_mse,regr_rf_mse,rs_m70,rs_m50,rs_m30,rs_m10,rs_p10,rs_p30,rs_p50,rs_p70
0,340,가락시장,0.6942256966429771,0.3227739366449854,0.11157254215346674,0.3182930469992373,0.03489592542437621,0.017398820094143248,0.009407136686652988,0.006457096128688396,0.0050194446234562914,0.0024998825606204747,-0.0006678823813102197,-0.004807592314502419
1,2818,가락시장,0.8601514751601419,0.17087755464179114,0.0919561756751499,0.1664433088992361,0.013786361065077635,0.008548424893058234,0.00466568497826376,0.0021164598749296134,0.00144910176575729,-0.00031363397247574697,-0.002712328412275448,-0.0018948669893715244
2,2748,가산디지털단지,0.8359552670046255,0.06776912064606028,0.06692738106171875,0.06760246936991318,0.017222690460842148,0.012387253848683553,0.005868076343016269,0.0002973613329744725,-0.003836790175300155,-0.00825697156604338,-0.012597129929902579,-0.016801068512776532
3,222,강남,0.8464306215426023,0.21815759646234412,0.09205634347539796,0.2179319859556849,0.00013405759287586928,0.0027478775122175246,0.0015302500353382123,2.7098101252814967e-05,-0.002111960834599412,-0.004927858055820399,-0.007380307024227383,-0.009468724993475964
4,2732,강남구청,0.8110302500051312,0.1007772436596116,0.0685294865754235,0.10054105425909907,0.008848574445802412,0.00827461634087774,0.005439004046028114,0.0032201259732903055,0.0013711539450277808,-0.0015754651639226442,-0.005028180247493399,-0.007571096083868226
5,2549,강동,0.6583671902177262,0.18404733111223742,0.08930162928530061,0.18351478947060257,0.017038466049718932,0.013404024209494459,0.006569574528701487,0.0009271596596339302,-0.0020842256092522167,-0.003686851109011965,-0.004028203327235926,-0.0033448508243192855
6,2813,강동구청,0.7568730142064535,0.243868544442422,0.09328068781632386,0.24353739420251888,0.02681112377241342,0.020869177887147247,0.01193695422472073,0.004378633901802857,0.0002642995889394978,-0.0027192782244176493,-0.004772130984471682,-0.008121499179790041
7,214,강변,0.6028221387974514,0.16607596372380165,0.08566831385399623,0.14979604947339753,-0.010472892190117,-0.010067817651230045,-0.007818683642317355,-0.0038839583122813304,0.001035083472272512,0.005688685862445106,0.0107419882757237,0.015096942889384435
8,2559,개롱,0.6768777055398058,0.2413965690174179,0.1102556438546408,0.2365374857329147,0.030055913257142037,0.019742078910784583,0.013573819054048428,0.012025834689519805,0.012104454404308638,0.01175300120151635,0.010703350516104033,0.009742449310228435
9,2512,개화산,0.7853679341783091,0.20027886180815668,0.0716919229435161,0.17984203430126092,-0.018103410367369503,-0.003304222906044905,0.0019447763556829018,3.414593092052467e-06,-0.007749411057298125,-0.018156549959854818,-0.03043652950067942,-0.04052372991538526
10,2560,거여,0.592456963093514,0.16045954508573973,0.09779793889932772,0.16008265154209872,0.030205436112378428,0.019859706169285455,0.011020425304009878,0.00852986051864599,0.007028477709120915,0.005932952046930364,0.0038519759223294234,0.002905899282770217
11,212,건대입구,0.6184222819357452,0.14920161202676777,0.06636345816875722,0.13018565177324964,0.0053001047246581945,0.006468696932648207,0.004262588143147269,0.0031076636659842236,0.002147006236863593,0.002110852494639217,0.003322926678108606,0.0043393079097703595
12,2729,건대입구,0.863418077280965,0.302265016079775,0.11896874236822191,0.30178122990181194,0.03291631103956096,0.02102454157940359,0.01337533670694658,0.008124072026984168,0.003542884959755896,0.0008629255270402434,0.0006612936590180154,-0.0004954214771255906
13,317,경복궁,0.7496771105844882,0.32876032304850344,0.1049781155167944,0.2599799547965363,-0.02036943501841912,-0.009251562916715382,-0.004830237732467365,-0.0014155342258204404,0.0010117446015336807,0.0030595676219811498,0.003494314638573557,0.004121235386578713
14,341,경찰병원,0.8188628557904747,0.17894163946327243,0.09612243428880078,0.16923835855065394,0.02120812008619915,0.015901216717608708,0.01024567621287448,0.007449029700058893,0.0056558513588220675,0.0029991878574783465,0.0008384456153286527,-0.0019290796978539816
15,2553,고덕,0.7080063329889615,0.42458522500681106,0.14712127021797342,0.3275825893760165,0.03207945230755111,0.018910591179122947,0.006484388748007464,-0.001240822809708495,-0.005951320557500744,-0.008468587164623193,-0.011275493735782165,-0.013712567795667267
16,2641,고려대,0.7626474754728397,0.29190126505956787,0.19056470738811884,0.29131898246883275,0.028879335868726076,0.028917408710760817,0.025271322049701284,0.018236660134504593,0.011603014342172263,0.0035523192485538667,-0.0053875338781543,-0.014740602643328637
17,329,고속터미널,0.7107861933406421,0.16891707849191046,0.07797280478242848,0.16168046541411177,-0.014770011223814461,-0.009329776726096242,-0.005122321571734603,-0.0011955538695426534,0.002300911048432694,0.006329367344022989,0.010277538745433286,0.012972624656143303
18,2736,고속터미널,0.7331286949311001,0.21324272924022455,0.0930285049804419,0.195019430624029,0.0011151662464263976,0.0043836091598343585,0.002869374227152887,0.00014366060996687678,-0.0024844568660467975,-0.004576659749323566,-0.007932328862881663,-0.01271806178694434
19,2530,공덕,0.8538195544779553,0.07802852554838732,0.07426720919139032,0.07873375616933792,0.021317347196206836,0.017375088377458763,0.00670084172399895,-0.001701097623467371,-0.008623063799535034,-0.015706445296087772,-0.02254621442073037,-0.027638736118042594
20,2627,공덕,0.8544389507330329,0.10702291534973178,0.06709389905733232,0.10428129549647958,0.013880516776362008,0.016533655879617578,0.008166794015663843,0.0005861393392422879,-0.005476990073276297,-0.01110710823394965,-0.016223558480905998,-0.019278219887633653
21,2718,공릉,0.6612074097649178,0.2707955934593922,0.10224532218750025,0.24186878122399266,0.03394126247316478,0.020933485095252852,0.0104448558565845,0.00459768775871397,0.001536908829031135,-0.0020869273173897826,-0.005531953203424262,-0.009326594431384358
22,2547,광나루,0.8348734806167946,0.2831935615641747,0.1433337316280377,0.2813543331863927,0.014060674734241748,0.01465428358954888,0.010598472462361973,0.006364271542310527,0.0023979103434321565,-0.0018891442488139945,-0.005415585400630206,-0.00834652746896129
23,2534,광화문,0.7745553024988621,0.09581913535591764,0.08570440874544064,0.09522475495142305,-0.020915190162600426,-0.005234945087088793,0.0011079414915421493,0.0028679290376984216,0.0027746969924368797,0.0015460681413053162,-1.8127153161590477e-05,-0.0022736880768103036
24,2625,광흥창,0.8000390944003815,0.2566779785230646,0.09120089295194671,0.25669422885908244,0.02098105391467234,0.02275749536374334,0.010536179227114256,9.655173803493563e-05,-0.007226306803585067,-0.013361574873609993,-0.01837688302521682,-0.02213533066278266
25,223,교대,0.7045717231259028,0.22919703328063812,0.08313792990377271,0.2292506660243854,0.018957486428503232,0.01710075034364369,0.00847920651471706,-0.0009858996359279383,-0.01054735745414035,-0.019197657814897386,-0.02847635456194787,-0.03714052228916874
26,330,교대,0.7245446595995151,0.21585383950482298,0.08215185030912792,0.2152797540100953,0.01919598595130403,0.019204025299291393,0.00994497916531083,0.000830366573859562,-0.007505168743727439,-0.014087648432502604,-0.02178311541052586,-0.02899692428152071
27,232,구로디지털단지,0.8784263291271164,0.23298310467433545,0.08805814661198483,0.23300128489143163,-0.003390966991826911,0.0020016323425601796,0.003022102660962108,0.0027344114890950873,0.002498969979567877,0.0022173258294727292,0.0016628121731716602,-1.5857725801630393e-05
28,2616,구산,0.6015570961793382,0.12138090076175093,0.09532844292523114,0.11864814398986191,-0.0007192180076012156,0.0013334955323385633,0.0011780113757262002,-0.0002787503447542209,-0.0006896545155989617,-0.0019132276488630206,-0.003609785457602499,-0.0071459577375359495
29,213,구의,0.5435343979110391,0.21315637965407314,0.07648656852428032,0.2128048627175272,0.0026325641335774755,0.004839391754203931,0.0030593852068934095,-0.00026234431439239224,-0.0036810616227341227,-0.006518153118661829,-0.008373033519439348,-0.01130398808281054
30,310,구파발,0.6234810851020609,0.18415803720641588,0.10795670155544897,0.17634468267774914,-0.0012448469232060246,-0.0005551444533596329,-0.0003297453629586175,-0.002224416451990246,-0.0037895975833092963,-0.006285342635420475,-0.008592918185786532,-0.013606024205203588
31,2545,군자,0.6605496142527799,0.10418733797210815,0.07303624775515877,0.10384782640008725,0.004753418557171463,0.005499098394617641,0.00436347279708831,0.003063732357690754,0.0012654933302167373,0.00038238587845844645,-0.0005094342680496793,-0.0016094777002030375
32,2727,군자,0.6859273193123216,0.12443496493815218,0.08261038379629812,0.12389204547633957,0.02545749768849503,0.016864453958581018,0.010114937156833018,0.0050071690160777204,3.1627261269417004e-05,-0.0030210823792831518,-0.005699905696274694,-0.00860826718295292
33,2551,굽은다리,0.5181133190279906,0.08780939590178195,0.06358191745339949,0.08719004613822309,0.02984101661385766,0.012325322145780554,0.006591838439826107,0.0037938935830523477,0.003396573469244118,0.0035383277987893016,0.004980383075937202,0.007569772545953126
34,324,금호,0.441755554981508,0.1721148681890925,0.060343427221478306,0.15903057842607965,0.011360181718574792,0.011357736000500988,0.00507051694135167,-8.649035707054401e-05,-0.003540238400182347,-0.006093517552756074,-0.009249187390635759,-0.01252612243192521
35,2550,길동,0.630835516038734,0.1422468661425983,0.0743437867344791,0.1127837044886969,0.024284058004060197,0.010871155200710858,0.004563529002882778,5.347877871438052e-06,-0.0018546763497285783,-0.003308803404794104,-0.004170486266353,-0.0046751966838996
36,417,길음,0.5247714848093693,0.14242094245962614,0.09957065460082995,0.14038415248190927,0.010556582664459996,0.011884238528545811,0.0099777889638701,0.005944489359533785,0.0021550820194600486,-0.0020829459693456225,-0.006779226262125528,-0.01029422280767563
37,2513,김포공항,0.6992042918659733,0.17413568228560297,0.07710185218274483,0.1510087078802066,0.04563715995613596,0.020103637678139833,0.005840266992077925,-0.0029810996940078274,-0.009067044466169396,-0.015248661537808952,-0.02488742604923415,-0.034857924745323635
38,2519,까치산,0.4493927435795324,0.1246912375155368,0.04677038355828966,0.08962259559725085,-0.09615744677442775,-0.02953575742757632,-0.005936739627840431,-0.0017149797152317648,-0.0027868350642548264,-0.005029806623452237,-0.007153693708530542,-0.010382821050152782
39,227,낙성대,0.5062323437885751,0.13407255752749092,0.08407897086061482,0.10912388960693563,-0.0023593430097201473,0.008841677327323393,0.01158157147650105,0.010362021698297546,0.008839954368698026,0.007983267682864583,0.007442180233567351,0.006197845183805018
40,2747,남구로,0.9423474006964672,0.22904430491593308,0.070138885577602,0.1825974039428882,-0.012345055969990882,-0.003750693331341047,0.00011860896560418855,0.0006928488790502369,0.0012555227570326232,0.0003706206691091109,-0.0003538372141948652,-0.002476341404653662
41,331,남부터미널,0.8683920434964404,0.3430726582779827,0.08040350624734252,0.29577747616430794,0.014812235628584925,0.013932076860072503,0.007556929087867373,0.0017869104596088493,-0.0032542390905234884,-0.007228971334738883,-0.01233815273255984,-0.01844698817612804
42,2739,남성,0.4953834074303933,0.08919761194647173,0.06931011526016718,0.08714735764418954,0.00985006704245273,0.015920228855744678,0.009117449243550846,0.0035021083937082794,-0.0013726525430326336,-0.004370613383695906,-0.006529188301564014,-0.00859950659572734
43,434,남태령,0.8680335644758463,0.24691318897645065,0.2182729305511819,0.24200347283499288,-0.02064988843186499,0.003944476442202892,0.009444295437557221,0.010469628804438032,0.01010492888872757,0.008363441134832198,0.0054602844204648315,0.003451944803178192
44,2737,내방,0.8344234919575061,0.0792085890410479,0.07002178703851666,0.07991252678740665,0.021006066888918148,0.018768526728318004,0.010021315259897792,0.0026372702770842966,-0.004197911590199767,-0.009007963824071402,-0.014771634504730798,-0.020630048244505816
45,411,노원,0.5154481772786745,0.11425967658856935,0.060747455415334474,0.11339617707385265,0.009153700806685067,0.009983054174434926,0.006280483160002544,0.003136836496098179,0.000724970122359951,-0.0024517266896636855,-0.004523248807871649,-0.007312215946013266
46,2715,노원,0.7297066884642154,0.18573961074177722,0.08069034992932439,0.18541057505501948,-0.004138603393607001,0.007278921712902948,0.007204512492992129,0.004449784973181948,0.000985669707785317,-0.0033092822906203765,-0.008046946143687323,-0.013901018030989238
47,313,녹번,0.48478273867530947,0.1597788598861295,0.06636199944517665,0.15791005488770776,-0.0025822423660278432,0.0007374331611522083,-0.0006826544973210107,-0.002266184745064849,-0.0050164425772634596,-0.006846876845367763,-0.008671949482159049,-0.012087443965976776
48,2630,녹사평,0.7975445428803953,0.33777960601654444,0.14693009146617655,0.3337230029745052,0.01589979258582901,0.007542845931561701,0.0021428131915488154,-0.0003349203163065952,-0.0004490247443126337,0.00022319634501157405,-0.000108144362865796,0.0002606086957467976
49,2734,논현,0.8212827702964682,0.07641329521884534,0.06912001005051226,0.07639997829167712,0.0013846475251103765,0.0038492728897244347,0.002748598376975957,0.0011540724100628217,-0.0011234892683797911,-0.003916572210546903,-0.007893359111762734,-0.010385424368417483
50,2543,답십리,0.7183673652887785,0.22379246164760605,0.09509901521886989,0.1924079665409897,0.00994506334427067,0.012732301976819063,0.007930994446273695,0.00481648774857293,0.00034545129128216764,-0.004066607589710753,-0.009803583385031366,-0.016087972874685583
51,409,당고개,0.40428756686727274,0.1403959240626826,0.07399773210315067,0.1392489292609883,-0.0015027338224844766,0.00515804690806098,0.007140850850128015,0.007420404958990134,0.007469962953106924,0.005551564493612858,0.0028036178392802573,-0.00021481752319616232
52,237,당산,0.8207973751803002,0.18568090339938548,0.08473823587526694,0.1848512852525925,0.0044156131943475455,0.0035696621619984515,-0.0015178184494120562,-0.006279020613328083,-0.00913823844121799,-0.01098465040856536,-0.01245266543084401,-0.012902873435842734
53,233,대림,0.6001605807446414,0.14248819867500173,0.06476419612924023,0.14178773279115459,-0.007995076439109544,-0.005097015502170753,-0.0039053179315910683,-0.0034633660281590544,-0.0034987038393646734,-0.004332500054969955,-0.005908517565559032,-0.007885963506540498
54,2746,대림,0.7697302654755072,0.19644478306945873,0.08737047650925792,0.19630726781824948,-0.010685816461701358,-0.00401418269984799,0.0009244909229435952,0.0030892855427094787,0.0050618622919049,0.005316852191745448,0.00582157669550344,0.0060790735006966525
55,337,대청,0.7020178174813144,0.267030058168708,0.12295757497011685,0.22607872754714592,0.014960456037907695,0.01073285910204835,0.0069167679491953585,0.004256773767335805,0.0022737685637231574,-0.0007830007982299517,-0.0027814304397959545,-0.006569570554019354
56,335,대치,0.7355525963129277,0.2507673135037192,0.14307897059541616,0.25018225912798037,0.0009508121896017021,0.007891281744102311,0.006959651546006052,0.00503887774302737,0.003344205774914201,0.0016520292130947703,-0.0003511869859729651,-0.0017583762658307258
57,2626,대흥,0.8148378404956801,0.263141603330718,0.10673499274930097,0.24748663611065222,0.03477993266816345,0.030145792860910924,0.015188070602117403,0.0024454544076712307,-0.00589358263251027,-0.013335638832612505,-0.017499936415276585,-0.019621421045242914
58,334,도곡,0.8449872120641965,0.23158728687792088,0.12270504357365086,0.2313609716167964,0.027648510093682997,0.016986830705878142,0.00993770081741172,0.004830079522300056,0.0018387629983359045,-0.0019546267303944126,-0.006804179944137642,-0.009965713316509969
59,247,도림천,0.8138696911544823,0.17724121320759456,0.15329271317089266,0.1763175306046074,0.055162594889942455,0.023904967270886087,0.01591689965008078,0.010887636216824988,0.007974770914459618,0.006785958353695526,0.006176548477614766,0.005368319418902765
60,2712,도봉산,0.694661928579728,0.1772981978465961,0.1162712439776037,0.17580689325307478,-0.0033968056314403784,-0.006716466125275573,-0.008421960397998056,-0.008533463969374397,-0.009866019426078072,-0.013968829834192465,-0.018033401572887374,-0.021494625914002363
61,316,독립문,0.8582636616255701,0.3183552985056658,0.2131627221865187,0.31842255437701505,-0.0027099358381568574,0.0063943300181494665,0.0073047881096245755,0.005691837619655465,0.004427837842529721,0.0015700464807767282,0.0002931834097925158,-0.004466294443497053
62,2614,독바위,0.6103715536893047,0.1663610756966979,0.1257859780744202,0.16116074282458748,-0.01274400206018651,-0.006025667450853596,-0.003104420986007415,-0.0019255470028466547,-0.001342610584318696,-0.0021268629918753455,-0.0020865673438660954,-0.004829793112373609
63,2644,돌곶이,0.554496785543548,0.09909677181437354,0.07868490412351091,0.1020281232589803,-0.0017016075253094315,0.0029328001344367293,0.0030408099598386584,0.001494984650601134,0.0002952940280135073,-0.0011685597707870165,-0.0034273927642890427,-0.0060644618619210815
64,155,동대문,0.7217580750776391,0.20395974090020982,0.10318348373094244,0.2018476171628019,-0.030548957677029337,-0.015396606864563197,-0.011480041976901566,-0.008803933259726077,-0.00629645186847421,-0.004325245395067361,-0.003213379047142979,-0.002542313762309158
65,421,동대문,0.6480847299128735,0.14083229808147507,0.058772894124709124,0.13661538976412654,0.022470844324127714,0.013820473588713753,0.005269234303587654,-0.0018402171586440362,-0.007521206888476639,-0.010363717945859809,-0.01434232709775085,-0.0173167135274284
66,205,동대문역사문화공원,0.8360558202869388,0.2974598273614785,0.11699752072493096,0.28173131201663154,-0.0066757328992233305,0.00952460107156674,0.009100925102831002,0.008967296004907529,0.009027075509995455,0.010379821951135633,0.010349738114250518,0.010785844588689794
67,422,동대문역사문화공원,0.8611624984304095,0.2624386373692425,0.10191853975471402,0.18645442797771428,-0.005854517349822812,0.005730138309573248,0.0062671415946778265,0.007268131185234891,0.00794995052313612,0.007827436145751956,0.00564038205258017,0.003062112176552404
68,2537,동대문역사문화공원5,0.7731482418089848,0.07175578087160155,0.06936457636860978,0.07184352710527825,-0.028291824365348474,0.002517202278320971,0.005067960886813788,0.0047051974952255615,0.0023649479162468415,-0.0006606620187791185,-0.00521979552817614,-0.008460502657392545
69,322,동대입구,0.7707954795056449,0.3249296103957966,0.13504430358599065,0.2711928884288454,-0.0041301935474223036,0.00723458119259775,0.007888321521829283,0.009401574039023813,0.009619866502763941,0.008659065121819595,0.007020092281557454,0.004477655022838546
70,159,동묘앞,0.7510106054614396,0.2770214236585549,0.0909155539964204,0.2620492384717059,-0.01094119964716872,-0.0059878934073626265,-0.005165414538874697,-0.004404949761606498,-0.003124146478325661,-0.0014435912605349642,0.0007059897400627064,0.004124014193981806
71,2637,동묘앞,0.8217070181933387,0.16809564617120307,0.11453525552806769,0.18186187324519495,0.006926584792122649,0.008099139862839293,0.0048198442762231695,0.0001202572629603516,-0.0025427611742867215,-0.0034754179076631215,-0.0048771936680022,-0.00478503224394485
72,431,동작,1.2069581626257684,1.0665709274863584,0.8893263865000761,1.0255508778486933,0.1354907299401861,0.08460001411412754,0.02293769437754001,-0.0032613835397622215,-0.01415476692346716,-0.016146742405240125,-0.014200051290806391,-0.006076043550702365
73,2555,둔촌동,0.6444472432013815,0.14514595105122996,0.08398785435617298,0.1445655935610405,0.01819195053396391,0.013296943958689468,0.006749892020485458,0.00105085591709886,-0.0021320773002536943,-0.004494110919221323,-0.004887754463739084,-0.005541627771659989
74,2619,디지털미디어시티,0.9406225892791409,0.117977430846365,0.06787829628404819,0.11654498630655491,0.0041213320648281326,0.001356735689828873,-0.0036936194875350197,-0.007162203296164024,-0.011230249355874298,-0.013842073062960794,-0.01548863974198494,-0.02140721929568291
75,210,뚝섬,0.8902779482785588,0.09494742021837942,0.0799682018542704,0.09275821741476141,0.03226552484168015,0.019660392067237614,0.011128643224194287,0.0047400142597170325,0.0005302876758422293,-0.0030259344102984307,-0.005382852567387493,-0.006738137179080814
76,2730,뚝섬유원지,0.6757647723328688,0.43030971012649133,0.29101481016444597,0.40590288481590375,0.008597138042893575,-0.0004421731567003781,-0.0028371363016483544,-0.002172495273767189,-0.0015448626636310845,0.0006645946256177462,0.003125691953692963,0.0066280760875465725
77,2515,마곡,0.7216189281300509,0.19748665853785788,0.07962665248068176,0.18615757769658345,-0.024131790727805354,-0.014077025168042873,-0.0028368390182103905,-0.00469128377603882,-0.015698059551810292,-0.02758067648490662,-0.044350915388054156,-0.06507156605562818
78,2714,마들,0.41663995869264214,0.1198823071085084,0.062387478251447984,0.11940866188721173,-0.004231571138452512,0.0034772166879173446,0.003972904320599157,0.00368720099392702,0.003910558395918537,0.004092833563911844,0.0035602694031445017,0.003258727320712661
79,2542,마장,0.8052937560441441,0.27277348081459873,0.11949622919721395,0.2727924325958617,0.03679296359162225,0.01704200263545919,0.006356548137666911,-0.002281505653087038,-0.008136260720371954,-0.013949297536573129,-0.018766600452937838,-0.02350549258205567
80,2561,마천,0.5384947953097401,0.1507637810115781,0.10012467723928757,0.14761399631109134,0.028685972370183836,0.02005411334091833,0.01469131928816678,0.011174061685260719,0.009243976268705444,0.00718437265323232,0.00420578838535064,0.0017677519970477078
81,2529,마포,0.8607951299027705,0.2867134689238235,0.093597280212253,0.2663568166768882,0.013203927187571641,0.015298342548632013,0.007362470893504678,-0.00033072873661572075,-0.0053353062728304515,-0.010158693683911597,-0.013588433128802892,-0.014617763402816538
82,2621,마포구청,0.7360492794852423,0.2181271277197221,0.09929538854853821,0.2176857267928739,0.009484744561035024,0.015210333505923879,0.0065081041146095395,-0.0011696886736529584,-0.006044901168865662,-0.009883200680475981,-0.013466940545364191,-0.014003535014757361
83,2622,망원,0.6733118980510887,0.257004860989843,0.08442094834912849,0.24683550441107086,0.022918857869911997,0.02004735147977239,0.011773888945210217,0.005185866148009182,0.00021031068154555516,-0.003932884071632765,-0.007905749144777086,-0.010176022798644437
84,333,매봉,0.8583469474705853,0.07826552656127667,0.07269214341845402,0.07781878183065664,0.00494002207411453,0.005022608618835893,0.0022576249831724993,0.0006737328576988462,-0.0009801196624634478,-0.0026910907641885065,-0.0036972570058346073,-0.004248550892409221
85,2720,먹골,0.512742299250815,0.1465866095699311,0.06893243974666263,0.1049526426805643,0.002246900193843373,0.0017109805299270176,-0.0005841829737419458,-0.0026648033776156756,-0.004332620038949661,-0.006976056049552898,-0.0102939987243905,-0.013978190068977391
86,2723,면목,0.5425994259871973,0.16811464110030477,0.08601261590527248,0.12660070492305406,0.017344690714084527,0.009224573946858865,0.005985569223212401,0.0033823432696229367,0.0016030395754406217,-0.00018167782847866172,-0.0022030812556151857,-0.005399981044793736
87,424,명동,0.8013623453522132,0.26747801568025376,0.11196884623599218,0.23850845483059552,-0.009015108707830972,0.0051134177208365505,0.008245248764278536,0.011887657799125097,0.015863076259254486,0.020638538949316994,0.024509475575195908,0.02661652431394507
88,2552,명일,0.5657591323206772,0.11810209277501742,0.0750431746046749,0.11694204415875026,0.0064531675707427995,0.005640793926978675,0.0030602404810577072,0.0004123899978124762,-0.0015459121616957648,-0.001784005832558494,-0.0006397530350477037,0.0020311812680183453
89,2521,목동,0.5644709774703726,0.10776482925427584,0.0782634657115307,0.10424643562383053,-0.027596683226142782,-0.013530631531011606,-0.008405242358065803,-0.005281172260618269,-0.003429835850435891,-0.0017848022029660568,-0.0010555041650779822,-0.0002919312821907152
90,2814,몽촌토성,1.0110535915462344,0.5354078082125007,0.41865481419292444,0.5185321268465851,0.09892113119350739,0.02372555915771924,0.002575545711691434,-0.011576821594401961,-0.013850195950490023,-0.014847659012477922,-0.01779351816798202,-0.017211639200591454
91,315,무악재,0.43696786859225384,0.14722775312558048,0.07265112043498718,0.13313080302161104,-0.00585749598189459,-0.00345403203031815,-0.00142951618171444,5.805092653280368e-05,0.001844824514211165,0.0021424567852269933,0.0025781670665511597,0.0029699549332184933
92,235,문래,0.8808956003227798,0.24841836794144703,0.06463238974583892,0.2210761254469583,0.005930792732634845,0.006503424944039675,0.0025688690385996774,-0.0025496178194202063,-0.006849909770135625,-0.01180497212719201,-0.018378830053373596,-0.02449983373323319
93,2819,문정,0.770883926590383,0.3450905643284683,0.17173044926230777,0.27249381286366825,0.028095898665465777,0.018100225374695512,0.011520830703520167,0.005037039713012636,0.00014744092138761408,-0.004523740653238889,-0.008258912835480168,-0.01297598131917144
94,415,미아,0.6211350940313588,0.19312901653092135,0.0806587852111906,0.1624767061981286,-0.010039283269166309,-0.0036283603052271124,-0.0027684904638387107,-0.005557973557830181,-0.008239428965409851,-0.012091354607768529,-0.015956584963114685,-0.020174765276819794
95,416,미아사거리,0.5150790868699223,0.11295283410772902,0.049702161614042006,0.10993081291869201,-0.012956658540231075,-0.006247615345472651,-0.004327038378339659,-0.0056064043705731864,-0.007739891289534625,-0.010718345373692303,-0.013269411030420914,-0.01637322982895295
96,2735,반포,0.7383163899935321,0.21119438680989994,0.08234817617388396,0.2110584905388748,0.02176147393837016,0.020348758130296636,0.010925011355300213,0.003569106271150049,-0.0027940753352852497,-0.007957353175720654,-0.012920366265871924,-0.018194811196427543
97,2516,발산,0.8906374008924178,0.34828978120660553,0.13887248516095876,0.2564114920453412,-0.0070767137443021755,-0.003929685763759847,0.0006129486589874376,-0.0009154170049330385,-0.0015379732740099551,-0.009353352011827677,-0.022526253981044617,-0.05182514554026252
98,225,방배,0.7643742163953754,0.23024738574947629,0.10509671315781428,0.2302139132850487,0.02413305249292403,0.02058933730395334,0.01122419662207415,0.001735441877243319,-0.006346458842873844,-0.01371351841855516,-0.0210873790133021,-0.02909243884614668
99,2557,방이,0.8443311079103658,0.21249200789518038,0.11380301302148274,0.19731365784675067,0.022360857952531503,0.014480425555152662,0.008327866088400438,0.006027048273201879,0.004987837870997153,0.002697734403820413,0.0002960599247112558,-0.0025545514724925004
100,2511,방화,0.6130305975340052,0.2246988563163452,0.12013155923144671,0.21173911862500971,-0.059767545508105015,-0.025251718909984577,-0.009075757593011295,-0.007511101335649508,-0.0158622003577321,-0.022063297467380512,-0.03341014125025401,-0.0477298705641041
101,2633,버티고개,0.6585945590204858,0.2860965734511331,0.11504581562994325,0.25774689029844833,0.004018511831168106,0.011158757728990304,0.008330074773030412,0.00599479300986006,0.003773515438998916,0.002616879751162346,0.0012937286825498518,-6.272348421876194e-06
102,2744,보라매,0.8323318507534744,0.24626999564020927,0.10430505460297652,0.24509032425657765,0.025835644926451802,0.017949557802878775,0.009906228068540562,0.0028741169721735057,-0.003767118503248864,-0.010003507632300053,-0.012947528593847922,-0.015239264176083006
103,2639,보문,0.7036734821347325,0.2290306041993063,0.10404400301813183,0.22912985484030937,0.010718480842756667,0.008575613050911752,0.004382160058239403,0.0010789329507039237,-0.0013956794202251146,-0.0041679392813424865,-0.007887519327542765,-0.013378129560049438
104,2821,복정,0.828957039109582,0.4111042448380248,0.17632624683340478,0.4059905515098948,0.034281991225803395,0.01501018077991083,0.0036511245086177316,-0.002180911877543455,-0.004132783796951076,-0.0062533773682112905,-0.009321038751563137,-0.00936371685245466
105,229,봉천,0.4451009187856135,0.1902529535045169,0.06600212605989625,0.11089440019759027,-0.014852617535063391,-0.001764342890525166,0.0035238221678641317,0.005556766507399721,0.006817606093808193,0.007947499601675932,0.008575302275614333,0.007984426184057258
106,2648,봉화산,0.48503684343793957,0.16623861363662498,0.07265535482820762,0.16569612174758308,-0.0037914690617064286,-0.00028325322193473347,-0.0005130605807081852,-0.0022652654404109705,-0.0036142104809112827,-0.00488141129190563,-0.006431514876919993,-0.0075671670406064736
107,312,불광,0.6372388847279199,0.1474696890390686,0.07794534343247057,0.14781393289943817,-0.02077746550670241,-0.010512896416662606,-0.007473991635667411,-0.006567978752666575,-0.006714739054914757,-0.008447043442183545,-0.010653105304347519,-0.014913619585708306
108,2613,불광,0.6509185815053399,0.15456081486859863,0.08510429732838264,0.14889106816010914,-0.001336661895720565,-0.002026986758335134,-0.0023610854473519512,-0.0022869882302678415,-0.0012101589199202626,-0.0014315258361072163,-0.0015058259800056482,-0.002894219256649793
109,2724,사가정,0.5337971408947608,0.11346569227792926,0.05515906401526663,0.11676442722579007,0.00933796169914865,0.007287331435219984,0.0036916781746123882,0.0003461180727701566,-0.0022866885540814446,-0.005017241935028079,-0.007276875991559369,-0.01041031226669853
110,226,사당,0.686113547981416,0.1418273888674616,0.1004100043113088,0.1414833917224002,-0.006594009254262649,0.0007923779253263874,0.0050865504225333005,0.0068789507122920535,0.008147606047671526,0.00871871884667239,0.008720815784152118,0.008280702071397075
111,433,사당,0.7127105311830149,0.15297997039384512,0.10598823203420636,0.15047835540543691,-0.019911091631989446,0.0019220874423930751,0.008530006479660028,0.009982191644716485,0.009212900731815467,0.007761264983978974,0.005472086781492668,0.001316329892735246
112,428,삼각지,0.8765120136779875,0.15789168131756606,0.1062088799368709,0.1552383239045611,0.06653865159166866,0.034322869418578754,0.01648885806291457,0.005856198945311385,-0.002256828291274659,-0.008512653331529476,-0.017866489098181657,-0.027870469201818623
113,2629,삼각지,0.871836877866897,0.1805077695378325,0.1276767310321519,0.1756043005402247,0.13960809048069311,0.06127638054247089,0.02445328496887906,0.008552223945116892,0.0011930460551115936,-0.0033703795241517794,-0.007296328225652413,-0.01166870954739458
114,219,삼성,0.7991970743193665,0.24543619831036026,0.08140632639340302,0.24448127699797442,0.0018817738067823703,0.004312130429925158,0.0023261500115496995,0.0025461107588578944,0.001844294726747705,0.0011589721940016414,0.00024999343541085055,-0.0014624902032300572
115,410,상계,0.41068336457792753,0.10504535168674468,0.0610026404042235,0.08784095139744477,-0.010390565332617441,0.0031677053614526537,0.004561796176107628,0.0038185556513872063,0.002842250488972936,0.0010364995412407152,-0.0014724728538501788,-0.004112655687521156
116,2741,상도,0.6288853287495083,0.25079044615769996,0.13431965516725894,0.2509462821347703,0.006898591569711826,0.012517076196819698,0.009450213663376127,0.0047108016404406265,-0.0017477208595853774,-0.006720433601171206,-0.01124187443721125,-0.013538112928671612
117,2722,상봉,0.6561343883117342,0.11311255109251772,0.078766520415191,0.11691685776439387,0.00552596045579298,0.004455380875505147,0.0011393766543611684,-0.0024825913783183,-0.0041190554938711835,-0.005440217553633211,-0.006574109947471194,-0.007805822631552944
118,2624,상수,0.7671174371268091,0.27580791475342026,0.10690398982901546,0.2369960259689395,0.023063457520797786,0.020980670350426948,0.012846425437154049,0.007340647299929028,0.003632838524031465,0.0014414146228404468,0.0011460712621748634,0.001346200276999472
119,207,상왕십리,0.7677166246606746,0.2348142681372411,0.09984390303648379,0.2282791695614562,0.024340601196743097,0.02121713866519837,0.011975923022405285,0.004278067794850281,-0.0009117204067518111,-0.004871579776134556,-0.00918095537726871,-0.012920876718357573
120,2643,상월곡,0.5895069122373655,0.31570095832077055,0.12131102937646716,0.22967267110720793,0.023558979219700366,0.0201212610815416,0.014716803916367463,0.008966600735315324,0.00461281728582629,0.0005767958943135314,-0.004164294300584293,-0.009106738852101089
121,2554,상일동,0.5283023790725672,0.13091263904222813,0.07077504641713377,0.12912715169216793,0.012716629290190533,0.005336238864337706,0.001126184293425989,-0.0030227667705464605,-0.006346749584681523,-0.009168973837005774,-0.009764815411407038,-0.009871634939586536
122,2617,새절,0.4838978083226947,0.16386756214949552,0.08059425362590335,0.16380638080717563,0.0006862485296118986,0.001001279638154825,-0.00013626404900759064,-0.00228788743344793,-0.0034287799153484397,-0.006196820814250819,-0.007698591891650653,-0.010403962510989982
123,2533,서대문,0.81323671878972,0.25615867654035185,0.06871038185331063,0.2201518677063863,-0.013918460612077499,-0.0056702019536548735,-0.0039030928713211692,-0.003995683451097086,-0.003692329999288404,-0.006169634165302522,-0.008612985583726394,-0.014445476125600407
124,228,서울대입구,0.49013273976965915,0.09759529274582415,0.08554721684935584,0.09767600143704361,0.006356686292403966,0.010551765491383602,0.009824333553583597,0.007288432328079227,0.0055348594309694256,0.005522597882561133,0.005674718145143637,0.00558008154725438
125,150,서울역,0.8767079441280381,0.2923074052834195,0.08269337329060106,0.2603927157394248,-0.014710364083386704,0.0009164527653422305,0.000799426111222309,-0.001559824234108138,-0.004465494839296718,-0.008455758537400462,-0.013724140551932502,-0.022338476567357227
126,426,서울역,0.9383516971369739,0.1318048907129988,0.09124002623222767,0.13157396603544497,-0.004423044825776058,0.007155500666477123,0.003566935136401743,-0.0003653450409399708,-0.0035446492093466372,-0.006568467674081861,-0.012052348591742007,-0.018933196598595037
127,224,서초,0.7693991613944637,0.26592651632935493,0.09095942377155214,0.26366046698502116,0.02571366624297694,0.02065617349862649,0.011359218001147491,0.002411935765601485,-0.005650499677544579,-0.011584769840729774,-0.018695089215646582,-0.025129838060703836
128,2645,석계,0.42815059074902656,0.12487874680422421,0.057191047993782065,0.12421065535519048,0.010097832949040474,0.010423649374974055,0.008019020984272924,0.006765193596183271,0.005992959502491092,0.005022491549009219,0.004548973429828268,0.0035341705662216487
129,2816,석촌,0.8401632015727825,0.2793953304710914,0.1538310859251701,0.2741369972432156,0.020699701374493718,0.013827312123261375,0.004246826744637332,-0.0011632849983170127,-0.003693675746256874,-0.004194654254532621,-0.005544494262933769,-0.0067137006562468194
130,220,선릉,0.7727078444326395,0.07785457832721569,0.0723144579556095,0.08779456077348029,0.00747750697106377,0.006617415914856375,0.0029798705782374565,-0.0002166748865212246,-0.002353992095488399,-0.005989272458308652,-0.010044281528120522,-0.012371681298177955
131,211,성수,0.853210193247812,0.06573985896255784,0.06140730889263404,0.06570435340481583,0.0054269667514861425,0.008913052761936222,0.005748059497791313,0.0033215198920470068,0.0010258360214286388,-0.00047955697118079937,-0.002310993023200464,-0.0045623475803366585
132,418,성신여대입구,0.6241785141458686,0.17791315721528564,0.11371414425747904,0.17559720255133449,0.018304192601274423,0.020474162823342735,0.016009442177935804,0.011589741406503757,0.008461844213321874,0.005457804970316785,0.003029993998994772,0.001364620558620231
133,2514,송정,0.6503553728953287,0.1404942364561171,0.05952065703685384,0.14544188262508462,-0.03221266019574318,-0.009815351186182856,-0.002696955115160134,-0.001538080743112799,-0.0034283927351967413,-0.007636889961171063,-0.01483699237729014,-0.021276460201068267
134,2817,송파,0.8577419574556768,0.3007877310443529,0.1396294262733066,0.2753166165341026,0.04271785291076433,0.030188499013202398,0.017649220756733,0.011614879268671082,0.008144757506696213,0.004334026173327339,0.001116335169202664,-0.00300128304734209
135,2713,수락산,0.5675012728592987,0.16840153179084438,0.08714633250318735,0.16357874816821386,-0.005690946563850415,0.00669197252924107,0.007233206504484615,0.006209784447954222,0.00515710397623562,0.003357010274373247,9.27848212077095e-05,-0.0034091992542904922
136,339,수서,0.8367881977233704,0.2804087676011286,0.11969535574431174,0.2596775200156971,-0.001022631604183126,0.001423913523208853,0.0002510659864659982,-0.0005544089895499541,-0.0016854573929931266,-0.0034038066600043312,-0.004619952320139083,-0.005532184649636867
137,414,수유,0.48525400163766336,0.1130450087739661,0.04876627982040662,0.09493488120712174,-0.000639469405457819,0.0004948040990043282,-0.0012085762535472856,-0.004498724071860731,-0.007540737128170969,-0.010995446128396376,-0.013816574437927864,-0.016267380166261607
138,427,숙대입구,0.843214210020972,0.2858982269547222,0.10816366103167813,0.2857995632707208,0.043290790804644326,0.034286988613729356,0.017264570560349555,0.005692896386761619,-0.002352044239018236,-0.007857314816890277,-0.01368819136371123,-0.02012711794473403
139,2740,숭실대입구,0.6941534116504059,0.4330453676027415,0.19246352454219393,0.3855074649665668,0.014232290048928627,0.011423771159513886,0.0075793160567394205,0.003451110367171851,-0.0012589557726737778,-0.0034365541607567435,-0.004053287018571419,-0.0003104118175669437
140,151,시청,0.7462309655982822,0.2650285066396641,0.1365132615017806,0.2231043336702744,-0.014296963518831047,0.0011906664148109538,0.006713975110286887,0.010946143969746469,0.01629568134188314,0.023738275082531082,0.025215422574364852,0.0284813765333195
141,201,시청,0.7509092052924083,0.21308479391806837,0.09091136161061995,0.21398192023183643,-0.009018092147960819,0.006947143824462258,0.008090157046834086,0.008477087648878105,0.009197238426392031,0.009753576508825176,0.007878696688609401,0.005778709030557885
142,2539,신금호,0.6798032873564555,0.2041093607108418,0.12083544861383679,0.19589239487816992,0.020015035831846592,0.011764879114561453,0.0034477871565286944,-0.002694829451980223,-0.005229851455623394,-0.005509908772349517,-0.005502488509060954,-0.003368894591742338
143,2526,신길,0.8926241627535405,0.14049443898728445,0.07918270816152824,0.1393864420719064,-0.00317125038409412,0.002398730277521891,-0.0004707104507376808,-0.003902572843244875,-0.007082830115014191,-0.011976365025265357,-0.018914088271426082,-0.02716826167425781
144,245,신답,0.5474356483782677,0.09899870497370442,0.0866040756543183,0.09767601749173782,0.022654844749022598,0.011893505107358206,0.004959649602252883,-0.0002343783210471148,-0.005271346755813555,-0.009803447140306409,-0.013713010269645774,-0.017645636073445704
145,206,신당,0.8014774357193334,0.31068996439363367,0.09401233312922894,0.2566983327535709,-0.001946832218402317,0.005318509005758127,0.004257914777482588,0.0038110909041304823,0.0028448650341693156,0.000540449219772669,-0.003035286802865089,-0.006678913087328622
146,2636,신당,0.8454549019953538,0.2557365399661221,0.10264802449100165,0.2545988203987973,-0.009145120787008625,0.010151408983693124,0.010306709792830472,0.008253723774311132,0.00459730416458554,-0.0002681601112022226,-0.006375647553671565,-0.014012187450671804
147,231,신대방,0.3856650115115877,0.12814929367950534,0.04994378044498131,0.12147296127393102,-0.022690481112279275,-0.002173816945590485,0.00030854113155480157,-0.0005179385774017716,-0.0020292990240264094,-0.003972303087644195,-0.006073218461411139,-0.010261948700776775
148,2743,신대방삼거리,0.6083751576708057,0.14317878540619555,0.07456066865264456,0.13427838925636035,0.01036047325591045,0.014450814592875012,0.008488454095847094,0.0028218504271526794,-0.0020296025970489373,-0.00522641708944071,-0.007473377443514789,-0.009471054376627422
149,234,신도림,0.7052186757937159,0.16239944917308163,0.08991107192989334,0.16196378297902764,-0.010473675783731255,-0.004212326475544493,-0.0007700156538687622,4.868875595957934e-05,0.0007893767787652844,0.0019149055630119345,0.002537379344339621,0.003588619935102461
150,230,신림,0.3986740156818732,0.06767209390401001,0.0531884488761423,0.06749881302120002,-0.003912307163898215,0.0009835170636935309,0.0037719146629267416,0.004607597268140934,0.00547033160177789,0.006471552660405926,0.006964236730347339,0.006817092480744696
151,327,신사,0.846358696251418,0.14431152182097487,0.08893639368336578,0.1440809215450394,0.0037284700012989737,0.007442201306018523,0.004561935987724504,0.001779420445514523,-0.001024817715908392,-0.004513814445958485,-0.009063727153822365,-0.012962460849517899
152,156,신설동,0.8599734986927785,0.2340487005160482,0.09607407285107043,0.23378841995345168,-0.00906101715905457,0.007244750565348349,0.006784288374388367,0.003558772553735714,0.00015093582801040703,-0.0045529943252501865,-0.007745556022328686,-0.017915720132206076
153,246,신설동,0.8443772373750528,0.26721884539119584,0.15119879383578136,0.2640868402965033,-0.0031236567671636606,-0.0014245360508941634,-0.004621652688945893,-0.008665734837042803,-0.011137209140743787,-0.013346019266163503,-0.015446767375159532,-0.019906691151176777
154,429,신용산,0.8155697041171986,0.08823495803358726,0.07096505044814452,0.08339231884200136,0.012241379063123652,0.01869664830186283,0.010447484182463525,0.0033190663695326205,-0.002376730747145471,-0.007057028910774457,-0.012545484604939696,-0.01750653275349696
155,2520,신정,0.4396375255090659,0.10381170521060057,0.05775190346112933,0.09135790089194606,-0.019184209018206406,-0.007433331810595463,-0.00577245441271507,-0.0039671284972509005,-0.0035455015883224497,-0.002403298814013556,-0.002034474361539395,-0.0014734811062229846
156,249,신정네거리,0.4626255126887592,0.07083063445168356,0.05922174074055889,0.0697922922393342,-0.01552661197207982,-0.006746534506956996,-0.003780964000961768,-0.0014757612199644342,-0.0005457236341816784,0.0005498123142357409,0.0014324671770199315,0.002867380543223775
157,217,신천,0.5589737515253165,0.15828417504791512,0.0502445500663743,0.08046912603039155,0.012261283075441538,0.006923557287208108,0.0016541704146061462,-0.0006397500854419314,-0.0013431476565578429,-0.002972948286956079,-0.004178460244994031,-0.007726205950028137
158,240,신촌,0.8228745556524624,0.17567723556121795,0.09138497152372266,0.17262761711520166,0.005385242127225787,0.0022416647561348843,-2.7089508379993055e-05,-0.0014697432056544149,-0.0009429114097462413,-0.0007318153955515523,0.0029346818906999654,0.0073653030017870515
159,2745,신풍,0.6561914756162379,0.16128963433086507,0.07310240358155953,0.11570736473983372,-0.0074004606001458915,-0.0044546626629810415,-0.004270706623503793,-0.004125512196720514,-0.00532784790796096,-0.0075132956847344876,-0.009760580945686687,-0.011744630617810305
160,413,쌍문,0.4017506935730456,0.08201371233051678,0.04543549023534245,0.06905757572991653,-0.012798868491983086,-0.006565958263479074,-0.0037987799008201064,-0.002712719605502107,-0.0027209765026856257,-0.002339605519491081,-0.0020447337303711546,-0.0015143777767977627
161,2546,아차산,0.7556541644878878,0.23388216602070472,0.154735116166729,0.22753144276631554,-0.0030588029831786732,-0.0026787013265289566,-0.002824322859999744,-0.00156886825648581,-0.00018049793890910634,3.617777355574199e-05,0.0024815946349929503,0.0036289593494364565
162,242,아현,0.6700683877848427,0.28957167841168424,0.15450553566941755,0.2720367171176875,0.03468192309596719,0.023965755490433213,0.009040497209902864,-0.0006078077435480955,-0.006770233729735597,-0.011217154474149822,-0.01494552244028572,-0.018166575548839933
163,318,안국,0.6965987533235566,0.1574672930530992,0.10256979783459808,0.10776991261489523,-0.044314029311061834,-0.015201887531338882,-0.009265135968539007,-0.008617227609299841,-0.009267780537356662,-0.01016183573388597,-0.01270932940026344,-0.012966853144315945
164,2640,안암,0.769492453903405,0.3573904314511289,0.22432215582058762,0.35706181610423904,0.011588756931686948,0.02377209465361359,0.023019231320067467,0.019055825812718814,0.014664141685270877,0.00843542074122454,-6.045446947132063e-05,-0.007779254980462667
165,2811,암사,0.476548170480084,0.07077620626696823,0.05294551382667893,0.06965309414065264,0.006590053190421229,0.006082327013920314,0.0032765269289429374,-0.0010625867995204107,-0.0033021409688749723,-0.004889626410382543,-0.004694638346729335,-0.003275033952395441
166,326,압구정,0.7813354715501055,0.15127268852007786,0.06890164097980518,0.15098123679184233,0.012817865001270834,0.013617774285212627,0.009123601738641289,0.005012672321713804,0.0016014741402702302,-0.002204747531524064,-0.005493805656879743,-0.008820685896072749
167,2531,애오개,0.8449296800584312,0.1542976702670912,0.09018287791107486,0.15400798060021353,0.01508713358410021,0.01937919480100914,0.009417132004821232,6.921416492752545e-05,-0.006255838456610472,-0.012104440849118579,-0.017108631657121336,-0.01988651963077857
168,323,약수,0.7112440644070399,0.32657188697394857,0.10053476504515592,0.3251755777749014,0.008581502302614594,0.017334468764258117,0.01057706962262481,0.005535607903846175,0.0015396834414964484,-0.003561876583854041,-0.010231763453137989,-0.016149294679429025
169,2634,약수,0.8202798954751096,0.21820086142134004,0.08810244813753229,0.21645249384320275,-0.008616240642904234,0.0072817191965923655,0.005352388868301923,0.00506324803878599,0.0038274446904943533,0.0026705248431622805,0.00037521955012724144,-0.0017344509904210971
170,332,양재,0.8064823289597147,0.23307698867879098,0.07753082848465134,0.23254667291530698,0.02368575660338728,0.02089504198596889,0.011737725843133982,0.0033058585829370294,-0.004400580020686729,-0.010941237063882912,-0.018541823284494635,-0.02771878183987321
171,248,양천구청,0.428107229427051,0.12327505809765082,0.07774661273912133,0.12214108973798751,-0.00931213214121798,0.0008552976652894662,0.0010689217183788063,0.001525565689632473,0.0015736263183430436,0.002934510778029317,0.0032782936135593555,0.005389840943780503
172,2523,양평,0.8989829421181412,0.10579969994272674,0.06277161164636788,0.10412388168068594,-0.002588945594348514,0.0030431370758530795,-0.00011936313628962003,-0.004898766470674412,-0.008883261198162979,-0.013844100694716147,-0.0213747310122425,-0.029289538677228964
173,2728,어린이대공원,0.81488025529243,0.3485305504173711,0.20956952867245646,0.33845157911343016,0.014945897801699793,0.013313386477715442,0.010559428075733486,0.009145617246752936,0.008565460237778242,0.008057739486675805,0.009148715971419748,0.015723744060136078
174,2528,여의나루,0.8795750717944927,0.6103665509719348,0.3870594662437382,0.5630978535492248,0.06916338160048512,0.028410937085351997,0.008630330154738342,0.0011663919064431817,0.0006565090312468821,0.010640244582278227,0.03521684315636714,0.0702064921765518
175,2527,여의도,0.7961635493546384,0.13867394836666166,0.07281579030439499,0.13892816335938363,0.010820216782877352,0.006993248801554324,0.0010251837566263996,-0.0030367381253586564,-0.00452434663455017,-0.005092689218651549,-0.003259832587703484,-0.001995974429903912
176,221,역삼,0.776874841596742,0.11465264879815393,0.06986353092746792,0.08406416034327847,0.012195670221659448,0.01010505318868023,0.005170764132355699,0.0015446692090251902,-0.0006776077220023299,-0.003955339374520698,-0.008616207110557737,-0.011644986617765576
177,2612,역촌,0.5494275822069399,0.09642689801059673,0.0720006664494092,0.08647591503112541,0.0005056456403018345,0.0018737586294382518,0.00119603615783276,0.0003823323900646864,-0.00044019017067714627,-0.0011063560340952012,-0.0012722836703241327,-0.003512083045099853
178,311,연신내,0.45922413901935044,0.10146351488664276,0.048265837033343514,0.09358719821177443,-0.0038216226634890625,-0.0008280286560298047,0.000140931642736901,-0.00010805781168730497,-0.0004133524733790695,-0.0012633381848880883,-0.0019666175087201788,-0.0051727329281609224
179,236,영등포구청,0.8265337541526688,0.23643668169360937,0.0684200784926977,0.17829587716365536,0.007096264218423747,0.0071612028959897045,0.0028756346518568634,-0.00214326862896048,-0.0060904985667548294,-0.011238654425319915,-0.018122440428710578,-0.023566489249064085
180,2524,영등포구청,0.8306570898414642,0.2372787737862778,0.06687949448387227,0.20089863063291966,0.0041289825115713415,0.0050200786605638864,0.0011797855545804866,-0.003945340250125116,-0.008744260017161345,-0.01323889954365571,-0.01851632937847619,-0.023528409569853956
181,2525,영등포시장,0.8339097293793795,0.3416849491365083,0.08487252028989414,0.3241514426746723,0.0036559563053813553,0.003293575984500469,-0.0014328425494720407,-0.006537839951813905,-0.011167470543269541,-0.0159984668803493,-0.021821071002813316,-0.030970352983898046
182,342,오금,0.615167644149209,0.17460534291263868,0.10787576695080284,0.1730750460220686,0.030618509494340702,0.0205591700137966,0.012797901252190644,0.009082992190226074,0.007138823975989488,0.0036984840290909923,0.0002959071731751354,-0.0029563775167989652
183,2558,오금,0.8934817628985087,0.15076510887977415,0.10618088174912067,0.15074076420806484,0.017592670055432653,0.013069212987683411,0.008013882545689447,0.00587636357316001,0.0038438440781261335,0.0011442389585923994,-0.0007511727916620657,-0.004180992497384615
184,2522,오목교,0.845037560926374,0.2092679605502361,0.11305953145887336,0.1999293725980691,-0.02042878505895023,-0.006528097524823843,-0.0020809440748717468,-0.00046854586381924043,-0.0008838635569840921,-0.0020106344665210734,-0.0034203635682060847,-0.005181638861673499
185,325,옥수,0.4889110220016152,0.18377140067739123,0.07172967024396362,0.18191413081953947,0.02103564965792056,0.013600610227911553,0.0052818382144807835,-0.0016846539378007027,-0.008041277737067165,-0.013002446026937375,-0.018693394372132775,-0.023933046083203277
186,2752,온수,0.5970427224618567,0.1493682248781286,0.09345346584444404,0.14542534258468587,-0.007406850606232747,0.0006491634772993997,0.004771111320230651,0.004471189566109911,0.00439551126666124,0.004825118077918637,0.005055309930553814,0.007505488987374222
187,2556,올림픽공원,0.9346698011548698,0.7470747828092502,0.6146587500277038,0.73158905015059,0.06091215504899799,0.00429143768854885,-0.004940175885211946,-0.0012909825059327648,0.006062239128448665,0.016503006675797616,0.03031004001934999,0.044575872251439205
188,208,왕십리,0.6534074460743776,0.14827039839279343,0.08745010962857093,0.14711170775109156,0.03564043002810445,0.02523871478882654,0.012824611510144425,0.003409821850473803,-0.003540834112352171,-0.00855799666567983,-0.01261582061397156,-0.017474354994291542
189,2541,왕십리,0.8506593011859812,0.1759871534210415,0.09062015311180024,0.1546232444801396,0.018123501622626926,0.015204545835054258,0.007788726848161732,0.001527428271403805,-0.003014152302673556,-0.006295089737100669,-0.009147227774831769,-0.012939003636486172
190,244,용답,0.4724141558322255,0.1333334136880565,0.0980223067958217,0.1329709298710536,0.021541403539231226,0.007676921320713732,0.0005879630142378105,-0.004388009712321507,-0.00854009880512854,-0.011715241092970272,-0.014628320845810627,-0.016136303077322976
191,250,용두,0.7040385382641806,0.22348121451949313,0.1496183121158358,0.22169181135504018,0.024064313013733886,0.00787923106116092,0.002748962157439358,0.002197210162668166,0.00047223422043427227,-0.0005240172641097987,-0.0021900030133245275,-0.004748891493631936
192,2725,용마산,0.4695516413633882,0.15268561517492096,0.0750375001540734,0.13477015506331527,0.016176067164793757,0.00891757594101198,0.0025927915390319845,-0.0019273022903611306,-0.004757092387652691,-0.006489207567090132,-0.007136277524574506,-0.007548022623968266
193,2517,우장산,0.514419760650499,0.08027372684808538,0.07088515693301266,0.08231943607134658,-0.10524484915656296,-0.04057220531833697,-0.01068805958777858,-0.0001744807855851081,-0.0013545471788326358,-0.004873965972147326,-0.014686749108573293,-0.02427015058058541
194,2642,월곡,0.6178278543603112,0.2821877349497826,0.12450720418589697,0.23800870939570368,0.0253698584157459,0.025288063082487284,0.019873544353734396,0.014584904214806939,0.010295232786689023,0.006509424344557309,0.0013466773009576107,-0.0028496041355718944
195,2620,월드컵경기장,0.8545352989147552,0.727302182107074,0.6412797750713974,0.6993662765846658,-0.008936323790303152,-0.018842889086568265,-0.011549767825871316,-0.00472090370442962,0.0031714072746669227,0.0077468044417023105,0.01841393019317977,0.028694658925587754
196,204,을지로4가,0.7049649057578092,0.22551912413507075,0.062273738265750105,0.22614257347052974,0.004260778235408628,0.009446802045894901,0.0054084198784391715,0.0030453372606048155,4.364278326154585e-05,-0.0018094696052757926,-0.005817962142356945,-0.009095246631175459
197,2536,을지로4가,0.7120211062633941,0.24558541591935693,0.059345993717585734,0.21113423798096423,-0.00248724857396848,0.006206773058578808,0.004283674794315987,0.003268491295753738,0.0015399431404297117,0.0004557982232203255,-0.0022669089907567065,-0.00414846539089997
198,202,을지로입구,0.7682231787642397,0.23946659176430798,0.0732145125049664,0.130614929874043,-0.011023954666106117,0.0046581803998542335,0.005469895113968541,0.005766028089278626,0.005800751315507435,0.0032533100801033156,-0.001989116391304206,-0.005963257059128034
199,2611,응암,0.43819447051493066,0.0626476999469828,0.0482135026452988,0.06299149247815793,-0.001106851656251783,0.0005394432843206253,0.0005289648489999614,-0.00016881577633600915,0.000259571238277253,-0.0008417902961717378,-0.000792503002912313,-0.0033219985100748075
200,241,이대,0.7642480222694966,0.26347759970905205,0.14532971132636288,0.262944063496593,0.017458656755551576,0.01921732039163316,0.009456237465089752,0.00026353708573384406,-0.004934320586897052,-0.009264603162760654,-0.01044123368728518,-0.008819643513838554
201,2738,이수,0.7809395047397883,0.2678331342790994,0.08039986584165297,0.21853515163521617,0.020477936056049775,0.013715974344408176,0.00690557490720978,0.0013750915234297357,-0.003362390041567942,-0.007528053369767125,-0.010980080481736322,-0.014459487694842328
202,430,이촌,0.9019342923926844,0.4005121384436349,0.23406135076051776,0.3985699926572747,0.06673852751120095,0.034312217966975214,0.015074578462583458,0.005269430500477791,-0.0002625527771527216,-0.004484182870306686,-0.005841786004220719,-0.005831211607804868
203,2631,이태원,0.6216411512996377,0.2891166064969138,0.12083704611623348,0.2692407731321623,-0.002660815323613297,-0.004656145699192486,-0.002357381708950014,0.002743092567862342,0.008372994143735829,0.012854475086440697,0.017559002641765038,0.020854265935725712
204,338,일원,0.6874961938063368,0.2623339492433646,0.1655548225679918,0.25794889266802734,-0.00919382836973694,0.010670229718833002,0.008057331154270308,0.0013835244551722694,-0.0051701652993083,-0.012405301376267894,-0.020686984760728437,-0.028707101204806827
205,216,잠실,0.8190406944175721,0.3148167329501233,0.13594544301144523,0.3111411502035089,0.002752486780177404,0.0007888773679022223,-0.004330076470772305,-0.0051419160593024465,-0.005708020933671114,-0.0051045037809332285,-0.0037734373279331096,-0.002909598263690186
206,2815,잠실,0.860079877613052,0.2916149484386159,0.12108790018490032,0.2884495117382522,0.008116865652024945,0.0018100347692810701,-0.0030438132841748094,-0.004550627910573202,-0.004889040244065345,-0.005177503141740246,-0.004217929479616889,-0.003599665925546745
207,215,잠실나루,0.6604569771425853,0.3321076822111531,0.12425033440484497,0.3312775094612518,0.01953837642504995,0.01574068327190866,0.012387437212841954,0.009858316337564418,0.008301283428013147,0.006255812481928076,0.0031134855071698964,-0.001617246703689675
208,217,잠실새내,0.5589737515253166,0.15828417504791514,0.0502445500663743,0.08046912603039155,0.012261283075441538,0.006923557287208108,0.0016541704146061462,-0.0006397500854419314,-0.0013431476565578429,-0.002972948286956079,-0.004178460244994031,-0.007726205950028137
209,328,잠원,0.6124672658185101,0.20039001057184627,0.12745196417842125,0.1943660501756587,-0.0030025256446161814,0.017598423901708543,0.015863958651080985,0.010031684734282321,0.005183761813185345,2.155151814267749e-06,-0.004599266000619091,-0.009467715398591866
210,2742,장승배기,0.5723529486984189,0.13249968632076115,0.08849181668961893,0.13243218549104083,0.010413616707337491,0.011721040421928572,0.006530340464957185,0.0025298312988322586,-0.000933440473891859,-0.003202818414758152,-0.003916792861036625,-0.004831337216164613
211,2820,장지,0.8712756188087629,0.3331761469957293,0.11203582559836615,0.3224535270998793,0.015629498719683315,0.012308279852711747,0.006575543960652304,0.0033252306541950087,0.0008570081257426718,-0.0017368740670731344,-0.006231036993224323,-0.009154400164633389
212,2544,장한평,0.8757634180133511,0.17238636408906502,0.09887046322375619,0.17155007461102484,-0.0049057901930363275,0.009269615080450967,0.008633580644929672,0.00506553579859464,0.001455629380619325,-0.0026663157598376067,-0.006513138419740453,-0.01126839705152142
213,157,제기동,0.6982961943450773,0.16019495716585871,0.0798788771198394,0.15822325961739972,-0.013093246195948158,-0.007932338537035368,-0.005426015488939952,-0.005301320188072991,-0.007175305764883623,-0.00918988607752545,-0.012005424841154955,-0.017529069933277464
214,152,종각,0.7423448700235152,0.25641412604548797,0.07552454571746428,0.2554824943257752,-0.02348245627944612,-0.0003425150296516613,0.005826802413133485,0.005417244459923344,0.0037308745246200196,0.0035512398353465956,0.0031070977628978344,0.0037716060637027517
215,153,종로3가,0.6730893473024495,0.13516050245155126,0.06630775671563005,0.1346749322182834,0.008792506772963095,0.007134212913610732,0.0036322701196361625,-0.00027631043080791955,-0.003546519466421353,-0.006491305668836718,-0.010228817087591229,-0.014728075130126988
216,319,종로3가,0.7198528687876844,0.10431461337282612,0.07421043624105873,0.10417224786431722,-0.006067150434958978,0.006258666927933053,0.005792477565814093,0.0012568111891011625,-0.0030283368104880052,-0.006204723113087779,-0.009839492198993181,-0.011774558130948782
217,2535,종로3가,0.6704408137915717,0.1151258946992313,0.07776979212996388,0.11278324590755746,0.014357707284331367,0.007565432112239912,0.004501803259890538,0.0027137851127103673,-0.00023017563163826196,-0.00180905994842046,-0.005760222990016554,-0.009007583619410276
218,154,종로5가,0.6662251191666665,0.2025872796181313,0.06922408427635604,0.2024001011727856,0.0046029190106034856,0.008656383272920088,0.006547761826609998,0.0023968690560597604,-0.00014515724142840494,-0.0029386008503016468,-0.006273612468157501,-0.006878618252523479
219,218,종합운동장,0.8674584661448863,0.6381910221004657,0.5004865688020017,0.5980091322541645,0.06107278349201296,0.033082706530278644,0.0193675640722186,0.01406968467926055,0.015890614979634794,0.019101828976222715,0.027537488886360005,0.04398932521138123
220,2716,중계,0.5938493070194975,0.1459027340898015,0.08841317789842353,0.141814791966333,0.010795044107453173,0.011639898318286858,0.00822871569337361,0.00439868483008495,0.0007015968344595929,-0.003656778503224043,-0.00899997895314498,-0.01517099114864231
221,2726,중곡,0.6068929923939287,0.13035185432483823,0.08425184490166532,0.12860143114105765,-0.004592572974815307,0.0031508650479561335,0.0034445241005046368,0.0008439433021920138,-0.002497226203366184,-0.005379624459727625,-0.007888337958855258,-0.011834589493493284
222,2721,중화,0.575142476365836,0.10774512021434199,0.07131885276028575,0.11188469182444044,0.005703561973537738,0.005431683828064339,0.0029333599924587254,-0.0009001246526494622,-0.00412616112944894,-0.007179568282113296,-0.009829320856174762,-0.012210833737524523
223,2618,증산,0.4425324000397687,0.07586007113354036,0.05491051133751833,0.07568178464159694,-0.003453691791889503,-0.0012237791627716873,-0.0007892873381432457,-0.0014534633886761116,-0.0017747627922808178,-0.003002035084382694,-0.0031457682735005696,-0.005974038718065781
224,412,창동,0.46366068702631663,0.12584739871642853,0.056565432918973195,0.1237012654147238,-0.0034254646791570214,0.0008317303867573931,0.0013319611801447374,0.00017312165355547844,-0.0015860363069936049,-0.004211059588908393,-0.007235164411011125,-0.011237860320965347
225,2638,창신,0.7145064273450323,0.28052304035869907,0.15463385305412392,0.23663153173713575,-0.025284412341271035,0.0011035404427081898,0.0030846530869258777,-0.0014412543582780627,-0.006300145916533288,-0.011506186769511567,-0.016844995549953085,-0.025200813985351546
226,2751,천왕,0.5275485887381018,0.18277915777155038,0.08111680288840457,0.17580032340744828,-0.014964604963419822,-0.009232342877003637,-0.003840338844619488,-0.0006983227406500787,0.0017407158633623355,0.0039354872587639275,0.006296348229182061,0.009027879117935268
227,2548,천호,0.7034709163006787,0.19941527308553048,0.07998028228605562,0.19880040880647634,0.014464485295103852,0.012070070124754317,0.007220165218862195,0.002238212232610018,-0.0009050082118348101,-0.003303356009910683,-0.0048213986711012,-0.0063633282908696345
228,2812,천호,0.6635842094301105,0.09945674775500513,0.06626653324717757,0.09339311334283039,0.013449256225682311,0.010486298780811287,0.005002348297583934,0.0002870505666602494,-0.002608882972441632,-0.0048118432685403684,-0.006355985605347545,-0.00719622070634404
229,2538,청구,0.8059869875675512,0.16902060826998808,0.09668091196371949,0.16906762494826358,0.0063248293661427426,0.01658627915094055,0.013154246996276684,0.00927599514558809,0.004566542998080386,-0.00017527836029190074,-0.005776450563250533,-0.010749627466577599
230,2635,청구,0.8354387030947291,0.08115969344787431,0.07161658147886167,0.08928914351021573,-0.01267383539991064,0.007457896578361247,0.0070089045395307316,0.005539612614953729,0.003045853684562822,0.0006728287752839777,-0.00400302756752706,-0.008674631052916108
231,2731,청담,0.7990321307819009,0.06870561717893976,0.0639743005354471,0.06858027763592443,0.008573814207793877,0.006931822445407863,0.0034830012174421558,0.0013170661690133474,-0.00045749595305702944,-0.0039003732402342036,-0.006770350755826508,-0.008746358503287038
232,158,청량리,0.6547190074847844,0.15268781853987143,0.07701463464948878,0.1471978462608801,0.011863062617890085,0.0005885954958100034,-0.00032753144783355013,-0.0019058008341633877,-0.004242618276137212,-0.006361122794116255,-0.009654873457674653,-0.011349474627597701
233,432,총신대입구,0.6604734529833028,0.15260132651000285,0.07557823996063918,0.14682110021859346,-0.0044607672863575,0.004671828096608116,0.001824226039910326,-0.0021625568728662623,-0.0055312462111815714,-0.00954258912381736,-0.012241579649203358,-0.015809833782428465
234,423,충무로,0.7674677960192223,0.10165967374060111,0.0750360177688284,0.10160761416351034,-0.025029570869990865,-0.0007120401247885728,0.0035455219021339876,0.004227018710246048,0.0027822345287137804,0.0008260575145038944,-0.003968002478347455,-0.007188762153565619
235,243,충정로,0.8606754046888071,0.08650878006337082,0.07614172800763395,0.09444721031962698,-0.030668767879612695,-0.005473905761497861,-0.0002780020488199308,0.00042224962712238785,0.0008551641035852509,-0.0012921458319429568,-0.0014798862773398695,-0.006176503512433029
236,2532,충정로,0.8620229949837048,0.08240300599261044,0.0782790664973895,0.08250645002140822,0.0007883820028701178,0.00018348613548565344,-0.002099352947314989,-0.004056310944753126,-0.004487471558934025,-0.007856192402085816,-0.010395499736096292,-0.015471661636337647
237,2646,태릉입구,0.5788297120091861,0.20723552075183976,0.14192803387685668,0.20668489489744946,0.00806593947842348,0.014399070736692172,0.011899321025601628,0.008320144471984939,0.005164100857234329,0.0005406528720874911,-0.0028876820941236814,-0.008305399276388467
238,2719,태릉입구,0.7918053829129608,0.3532971140984823,0.15233138853390257,0.3305039556216618,0.009991134902971103,0.013221749533220317,0.00777777504791023,0.0025682898996909273,-0.0016803069287973848,-0.005201519636872288,-0.009467654635016415,-0.013404519447362841
239,2717,하계,0.5239590716130259,0.17066730469479663,0.07817425589038683,0.17041825023521054,0.002946988467323938,0.011294708695566097,0.010294198465065085,0.0076904630856139,0.005788340499952665,0.0036801505577266683,0.0015355794439813292,-0.001388601495280265
240,2733,학동,0.8195781767771099,0.12470008887818747,0.06622569764845117,0.0747844128343357,0.007296566581110189,0.007982948227984293,0.0051962688739311275,0.0026788575654380815,-0.0003735280750432976,-0.0036793059548724774,-0.007290334353182308,-0.010645177177372475
241,336,학여울,1.0350117870023667,0.9176238193976298,0.8011794410289143,0.893191941790806,0.10671518833472729,0.04715980771308542,0.012315136137222222,-0.003023121751852036,-0.012478410383180082,-0.01571887784203197,-0.014798330002319197,-0.0158166329864078
242,2632,한강진,0.8648583058968213,0.3070375006340941,0.1381963530886136,0.2997716969912138,0.03641534893906646,0.027231741614959587,0.01570893772004617,0.008212203866600017,0.004331760852700061,0.003514755439006122,0.0038440712791548135,0.004694737484223104
243,419,한성대입구,0.6962362274003118,0.34015124709693817,0.1449816509665614,0.3355086719754142,0.010836038146380565,0.014451957302340319,0.012691151282903095,0.009135213479709293,0.005713901737598156,-0.0009331825957897079,-0.008884063293301738,-0.017165833792313418
244,209,한양대,0.8423694096613709,0.32399721407564275,0.17455923861705339,0.32264819276092016,0.017724452830191872,0.010439105902399,0.0009700046511570097,-0.00764892427867124,-0.015053258823994602,-0.022930193224103418,-0.030151102428702125,-0.03664064769265316
245,238,합정,0.8317963261726767,0.3653647368092226,0.08918717916694313,0.3086409267483235,0.01597589655111932,0.017673276475089837,0.010258191783677744,0.003069616907482151,-0.0019148314241964441,-0.006072172938795572,-0.009558452589682083,-0.012956690415004099
246,2623,합정,0.8557595247964788,0.3643450552972059,0.09354597882727478,0.36063349647251397,0.02539117352136244,0.024071138599751442,0.013620727267097165,0.003892825528010307,-0.0031224011305213983,-0.009307456229420624,-0.013861100134828568,-0.017356983600615418
247,2540,행당,0.4828325780603978,0.08269116769126422,0.06412349187318607,0.08723934274800738,0.012032595959855875,0.00891865171242799,0.001593752468885204,-0.003767569703937644,-0.007987066897756223,-0.011439877988496832,-0.015774549056899272,-0.01830631063037811
248,420,혜화,0.8354604148702268,0.24684349006306663,0.12546967589082497,0.24083025848261877,-0.008099422437098887,-0.002565109037711595,-0.006775530445018852,-0.011003828204215284,-0.01413275740304098,-0.015407414749828048,-0.01695151210306332,-0.017449141483524045
249,239,홍대입구,0.6418841111027949,0.27136389240213055,0.08931113637916543,0.21442947246592214,0.014663708479448825,0.01312743944842118,0.01078348116452586,0.0072174553878634785,0.004473290645803,0.0019910294172645502,0.0012224960492025795,0.0013507784794632054
250,314,홍제,0.5351332039268217,0.14652686576240373,0.07600045000981692,0.11329819193243057,-0.02031686236791033,-0.008324577716436705,-0.004160727996467245,-0.0020569455815916894,-0.0005096420708772609,-0.0001204358958435352,0.0006222211468294402,0.00027184345213463764
251,2518,화곡,0.5177800805545442,0.1324191943666056,0.053109389655438634,0.11307320039207046,-0.09461328145326951,-0.029118901581306082,-0.01080732533820455,-0.006556822014392097,-0.008583061748339853,-0.01157521830224303,-0.01496692284644502,-0.019458198104700824
252,2647,화랑대,0.5365092536766087,0.15095667058207984,0.09598895505524753,0.15052072455449708,0.028063079116366678,0.019870940623992896,0.011928408448235436,0.006719286407890539,0.002194989342086717,-0.0015127387015929786,-0.004896562161116373,-0.008857373622012058
253,425,회현,0.6200879496214011,0.17590554520656787,0.05873515213417329,0.17650646944368617,0.00039166304661907193,0.008733732909130865,0.008014029507486269,0.007517865219345093,0.0070982085709660764,0.0071756001764281385,0.005897267115000417,0.0054018106579728055
254,2628,효창공원앞,0.8306233243509956,0.2657064114506661,0.11113631767011532,0.26564395857338413,0.07084498777746892,0.04448273058416488,0.022178236357262786,0.00822190939899121,-0.0014150012122536458,-0.009252010458798742,-0.01692491731860755,-0.026144144652554855
